condition,best_mirror_agent,best_baseline_agent,viability_advantage,success_advantage,identity_continuity_advantage,contamination_reduction
control,mirror_commit_gate,stateless_language,25.609232784438177,0.044499999999999984,0.020055555555555604,0.0740846714926728
false_memory,mirror_commit_gate,stateless_language,249.91228907792805,0.3025000000000001,0.17572222222222222,0.3711086886607803
identity_injection,mirror_commit_gate,stateless_language,259.8447612853146,0.31199999999999994,0.20899999999999996,0.3816147867089436
goal_drift,mirror_commit_gate,stateless_language,285.81413824833385,0.38283333333333325,0.24905555555555547,0.4074958987296342
corrupted_summary,mirror_commit_gate,stateless_language,288.634171716189,0.45849999999999996,0.2895,0.5036753948996638
fake_tool_output,mirror_commit_gate,stateless_language,191.44807172815152,0.2240000000000001,0.08272222222222225,0.31744141253548497
mixed_attack,mirror_commit_gate,stateless_language,280.91819449116235,0.5916666666666666,0.47477777777777774,0.6289267281250498
high_audit_cost,mirror_commit_gate,stateless_language,281.81396082295043,0.5576666666666666,0.43894444444444436,0.5981870984491685
